;Test;Delta Oz;Theta Oz;Alpha Oz;Beta Oz;Delta O1;Theta O1;Alpha O1;Beta O1;Delta PO7;Theta PO7;Alpha PO7;Beta PO7;Delta O2;Theta O2;Alpha O2;Beta O2;Delta PO8;Theta PO8;Alpha PO8;Beta PO8;Delta PO3;Theta PO3;Alpha PO3;Beta PO3;Delta PO4;Theta PO4;Alpha PO4;Beta PO4;Delta_1;Theta_1;Alpha_1;Beta_1
S2;Resting Open;0.027672999;0.039141373;0.027051955;0.033638185;0.027466932;0.039361319;0.027174956;0.033743154;0.026486218;0.039365905;0.028669759;0.040343672;0.024496597;0.03955169;0.024759621;0.028916841;0.024288737;0.040457474;0.02502167;0.029390039;0.025007056;0.038689385;0.024776995;0.028708381;0.024850066;0.038589684;0.02286097;0.024431926;0.0594163;7.82701;-3.95799;0.749484
S3;Resting Open;0.042006803;0.02898567;0.020671536;0.034795741;0.037396195;0.027548765;0.021042314;0.037656538;0.041183965;0.027819765;0.019071472;0.036336918;0.039128835;0.02689324;0.022203445;0.035391457;0.041168392;0.032060661;0.024038124;0.044392791;0.038157267;0.025415146;0.018422953;0.030336552;0.034651801;0.023598399;0.020003014;0.031124212;6.91681;-0.342153;-5.21323;3.11049
S5;Resting Open;0.021182508;0.02160515;0.052780642;0.025549062;0.020916023;0.019907673;0.068427246;0.030473581;0.020304558;0.019146794;0.07767702;0.030143431;0.021562794;0.022616559;0.047118661;0.024597888;0.020965792;0.019916449;0.046065917;0.025363719;0.017407837;0.017954432;0.05818348;0.024046312;0.019372184;0.018911041;0.040893031;0.021150946;-2.75943;-5.47654;3.50191;-2.03845
S7;Resting Open;0.026663581;0.053264925;0.020858661;0.025023305;0.028151045;0.054239567;0.023191238;0.029029422;0.028003324;0.05328809;0.023983855;0.030640372;0.025185905;0.051515584;0.020328555;0.0241442;0.027918236;0.050323118;0.01983655;0.0237695;0.024077549;0.047539524;0.020006474;0.023025399;0.025598939;0.048110195;0.017839363;0.020084207;0.464865;16.0096;-5.17151;-2.47199
S10;Resting Open;0.027874785;0.048430407;0.021319757;0.020665008;0.025593235;0.046578498;0.020847522;0.020342191;0.02469374;0.046425067;0.02131472;0.021161188;0.026960723;0.049677964;0.024417714;0.023178863;0.025252023;0.052052166;0.026688591;0.026246403;0.024778749;0.043789359;0.019856026;0.01887278;0.025477526;0.046251367;0.023621153;0.019082008;0.101195;13.5604;-4.79415;-4.29601
S13;Resting Open;0.030459839;0.036119251;0.019219074;0.042448227;0.032162363;0.038530936;0.017890557;0.043666994;0.032844915;0.0389069;0.018988878;0.048162727;0.027531004;0.03513015;0.021651784;0.043044577;0.02609233;0.033292348;0.022717381;0.040993198;0.024789177;0.031278701;0.015562529;0.032640989;0.02608704;0.032488976;0.019406681;0.035573474;1.49348;4.92277;-5.57703;5.74557
S14;Resting Open;0.033478598;0.024685112;0.037215539;0.019114037;0.032379024;0.024734613;0.038481132;0.021983681;0.036989078;0.025514186;0.044514159;0.039281828;0.035182056;0.026704156;0.038963519;0.023381829;0.031305899;0.026607139;0.043891324;0.024249479;0.038376826;0.040943157;0.044035091;0.022891155;0.030639357;0.024950206;0.040774129;0.019305213;4.29269;-0.217312;-0.229026;-3.00605
S15;Resting Open;0.009291049;0.016940681;0.07810659;0.027741977;0.008502656;0.019093942;0.097198577;0.033447222;0.009649209;0.018968354;0.088573588;0.03210389;0.008658815;0.016489657;0.067750276;0.025867069;0.008590833;0.017104561;0.069615115;0.025604075;0.008634223;0.018130042;0.06379944;0.022427807;0.007835117;0.015112365;0.052882851;0.019636519;-8.69529;-7.29441;8.02343;-1.71239
S16;Resting Open;0.037454051;0.033088186;0.018322643;0.024883682;0.038157791;0.032233137;0.019772006;0.028603846;0.03869799;0.032423234;0.017912621;0.02723344;0.038634558;0.034279176;0.017257354;0.02393521;0.04063454;0.034426702;0.015959125;0.026754804;0.05857732;0.029138274;0.015395141;0.019312684;0.039364982;0.031201141;0.016315845;0.018467281;8.18597;3.07159;-6.05949;-2.98651
S18;Resting Open;0.03251879;0.030917197;0.029994949;0.028012095;0.030746168;0.03050386;0.032653801;0.02773411;0.030255787;0.03403609;0.040162586;0.02891862;0.033188061;0.02982572;0.028862464;0.029982549;0.035291693;0.02928559;0.032674795;0.032302421;0.02563806;0.027600775;0.03799034;0.027057202;0.028797755;0.026145139;0.035788439;0.031828014;2.74772;1.22344;-1.99504;-0.0137763
S19;Resting Open;0.019966287;0.028942374;0.044269597;0.023605113;0.019580107;0.029943417;0.048883174;0.025121986;0.019538974;0.035109308;0.054334103;0.033587706;0.019797546;0.030024018;0.041628013;0.021975437;0.023483648;0.035677026;0.051849701;0.026140933;0.018937901;0.031124473;0.060394347;0.02719597;0.022307459;0.033839212;0.040563741;0.022782471;-2.5894;2.86228;1.7367;-2.05989
S22;Resting Open;0.033486589;0.029429301;0.016459165;0.044387653;0.034576242;0.029700782;0.016993548;0.045605841;0.033933488;0.028069813;0.017447667;0.044048735;0.030525694;0.029451194;0.017147703;0.044286565;0.031020521;0.030020093;0.016810874;0.042738795;0.032686292;0.02843443;0.016260222;0.042498289;0.027129772;0.028103434;0.016939173;0.043481845;3.18767;0.740101;-6.17736;7.55782
S24;Resting Open;0.021425245;0.037578416;0.039560039;0.017074928;0.025594135;0.039194384;0.033022353;0.02148831;0.024184938;0.038106052;0.030239822;0.023260367;0.021278352;0.039486749;0.050528943;0.018486602;0.023468437;0.04050951;0.049830376;0.021338318;0.0230818;0.036757581;0.035677324;0.018228867;0.020025062;0.037765182;0.078644862;0.021878559;-1.51704;7.26609;0.564051;-4.92874
S2;Resting;0.010806638;0.02583712;0.068988509;0.021714245;0.010771524;0.025900471;0.069505179;0.021915892;0.009924424;0.02763586;0.079541312;0.027813538;0.010096237;0.024230606;0.072817702;0.01687808;0.009971478;0.023798524;0.083872756;0.016477497;0.010342169;0.024079758;0.073887345;0.019327818;0.011827947;0.022316702;0.076956478;0.015385235;-7.75105;-2.17431;8.07382;-5.15322
S3;Resting;0.015262071;0.016681236;0.034593067;0.050883401;0.018358923;0.019587171;0.036547835;0.058894049;0.018410833;0.017365481;0.041214861;0.062006981;0.015415796;0.018623277;0.036382134;0.053581231;0.018375503;0.020973533;0.050887213;0.065487448;0.017590264;0.019693105;0.038641854;0.051355996;0.012935776;0.017323512;0.038573694;0.052872936;-4.66398;-6.45407;-0.662001;13.8778
S5;Resting;0.007526;0.010376674;0.065798095;0.045331007;0.006639572;0.011796371;0.078313407;0.05765797;0.008426817;0.011467909;0.082190801;0.06332936;0.007789546;0.009209836;0.061603544;0.039508737;0.007705987;0.009083688;0.063395546;0.042042404;0.006874643;0.010138759;0.060543915;0.040706309;0.007488846;0.00995662;0.059001727;0.033627159;-9.32397;-12.1877;6.24376;8.12354
S7;Resting;0.021631958;0.028018275;0.03841667;0.022155952;0.017651658;0.029685408;0.040016309;0.023536836;0.018525637;0.029806465;0.044751222;0.024531252;0.021845666;0.035731782;0.046162057;0.023916554;0.019446456;0.033335832;0.057023813;0.028721709;0.049367231;0.038666333;0.034994656;0.019456925;0.038964194;0.033091573;0.037248068;0.021496857;0.636839;3.20126;0.128954;-3.28857
S10;Resting;0.005549823;0.012721171;0.08927234;0.012760997;0.005553831;0.011426415;0.093071226;0.012232643;0.005603374;0.011231464;0.099069063;0.012548597;0.005547611;0.01336491;0.102118663;0.013942746;0.005719847;0.014565158;0.127551561;0.015864259;0.005551476;0.011289234;0.0919942;0.011101346;0.005733815;0.0128981;0.099646177;0.011914599;-10.2959;-10.6479;14.233;-8.70533
S13;Resting;0.026891663;0.029126025;0.024340954;0.05017243;0.026602498;0.027196294;0.024619452;0.050435692;0.027297814;0.027050785;0.025723635;0.055336291;0.025655207;0.028693453;0.025280203;0.05647977;0.026172339;0.026965938;0.023392709;0.055121543;0.026571927;0.023732481;0.019988984;0.040444696;0.0260972;0.025795052;0.021377183;0.046765569;0.437055;-0.696454;-4.51715;10.8933
S14;Resting;0.014397188;0.016674321;0.068808211;0.016973634;0.01613691;0.016230966;0.076058145;0.0191452;0.017307829;0.019756632;0.093542342;0.036320974;0.014588955;0.017936798;0.072158824;0.016456529;0.014351976;0.02062506;0.079924461;0.017698967;0.013393075;0.015815868;0.07884264;0.019869762;0.013620614;0.016339868;0.085581483;0.017603747;-5.56383;-7.12547;9.03745;-4.93912
S15;Resting;0.004492372;0.010219933;0.095711089;0.015886045;0.00505393;0.011667085;0.118819854;0.01787766;0.004952979;0.011686202;0.119202792;0.016896916;0.004275102;0.010826508;0.090435342;0.015168592;0.004646623;0.012558586;0.097947492;0.015851167;0.004382019;0.010203681;0.095385284;0.013531659;0.003563339;0.009744745;0.077391355;0.012871544;-10.8872;-11.7058;14.1988;-7.44246
S16;Resting;0.018132716;0.022059064;0.07140498;0.022981415;0.018648165;0.021418712;0.071081366;0.025044447;0.017801854;0.022172886;0.061741799;0.022935389;0.016260783;0.020742377;0.070247886;0.021596033;0.015280317;0.020568273;0.067373182;0.022188975;0.013520736;0.016254191;0.075978183;0.01792901;0.012837233;0.016985389;0.08934799;0.019101747;-4.94152;-5.4719;7.44329;-4.19164
S18;Resting;0.018743627;0.03327062;0.035703177;0.032399878;0.015141944;0.03644078;0.038279791;0.036290258;0.01556389;0.041803872;0.048786004;0.040905677;0.022475719;0.036690279;0.03442728;0.034410716;0.017864798;0.033434789;0.040657127;0.037900037;0.0150235;0.03527331;0.040231548;0.032774819;0.017206082;0.031524219;0.036792684;0.033412146;-4.19569;5.16209;-0.691098;2.9718
S19;Resting;0.012560379;0.028016371;0.064792631;0.015759287;0.01405708;0.030999572;0.067428135;0.017304209;0.015462651;0.03362063;0.065747965;0.022877147;0.01164485;0.02687243;0.062844657;0.015098253;0.017990217;0.035225066;0.081904594;0.020289809;0.013075147;0.03435789;0.085457781;0.020660612;0.010291151;0.02755393;0.069090649;0.014982833;-6.20919;2.02932;7.15108;-6.0123
S22;Resting;0.014496297;0.016619548;0.039696008;0.054360523;0.014014685;0.016670157;0.041357188;0.054610569;0.013868098;0.016093969;0.039776818;0.053541748;0.01228927;0.016928062;0.043592666;0.053933418;0.012174709;0.018869477;0.040718752;0.053387679;0.013646959;0.015229665;0.03932469;0.052875776;0.012444041;0.015863728;0.046722608;0.054232568;-6.36398;-7.8197;-0.12142;12.8334
S24;Resting;0.008399111;0.007447936;0.084911482;0.006367291;0.008404777;0.007926498;0.078180917;0.006918917;0.008883473;0.008693306;0.111783888;0.008874833;0.00772029;0.007958444;0.122312652;0.00704859;0.007094702;0.008819438;0.142116514;0.008631026;0.008007909;0.007367922;0.077641373;0.00692914;0.007050458;0.007702342;0.173091256;0.008332355;-9.11135;-13.77;16.6645;-11.4993
S2;Color right;0.038750681;0.038148969;0.022478139;0.02951129;0.038668082;0.038068372;0.022525102;0.029916002;0.038034685;0.037472009;0.023441196;0.034713573;0.040282203;0.038867986;0.022652995;0.02581526;0.039288058;0.036488921;0.022572511;0.02600563;0.035465753;0.034298783;0.020440844;0.024786517;0.035079904;0.032055067;0.01924415;0.019766043;6.33346;5.86552;-4.91273;-1.38453
S3;Color right;0.052537729;0.027780862;0.013237896;0.029712766;0.0535248;0.028647183;0.013545494;0.031332315;0.052333438;0.027977001;0.013681177;0.034308304;0.050413755;0.027031686;0.013690919;0.030290971;0.04937456;0.027351287;0.014157559;0.032525782;0.04473785;0.025836232;0.012780937;0.027435094;0.043997156;0.024384634;0.012798356;0.027552457;12.2865;-0.669812;-7.0238;0.386057
S5;Color right;0.038474789;0.028675921;0.032469894;0.020426654;0.040772986;0.03159882;0.040944372;0.02545678;0.035780204;0.03148192;0.047333742;0.026447924;0.043008956;0.029303459;0.029094574;0.018842128;0.039384844;0.027685313;0.030282859;0.0202361;0.032641043;0.025643129;0.036288004;0.01819382;0.034004391;0.025010693;0.025886523;0.017189738;6.22293;0.351444;-1.77054;-4.65728
S7;Color right;0.057624822;0.036261156;0.013934332;0.01816532;0.057506033;0.036930178;0.014770118;0.020870032;0.057381893;0.038681167;0.015959655;0.023528913;0.058345425;0.037071129;0.014189009;0.019271701;0.056287101;0.036264977;0.014731731;0.020335612;0.045217389;0.031769595;0.012484599;0.015400944;0.048149811;0.033027871;0.012037322;0.013965611;14.7743;5.34646;-6.87133;-5.78786
S10;Color right;0.040898966;0.036143684;0.020592529;0.021522116;0.038708042;0.034433021;0.020946757;0.021166095;0.037218715;0.035271206;0.021413701;0.021270057;0.041688722;0.036153003;0.021411992;0.024094305;0.0439858;0.038342139;0.023595453;0.027853078;0.035902568;0.032905277;0.019856651;0.019317381;0.045017069;0.036543172;0.020644647;0.019938708;7.73406;5.34712;-5.11353;-3.87173
S13;Color right;0.034242756;0.035251146;0.019318639;0.042713492;0.032882201;0.033414107;0.020724379;0.044605447;0.031969789;0.033687474;0.020811644;0.04918856;0.031964895;0.034032246;0.019458301;0.043017394;0.029451721;0.032385098;0.018690748;0.043597839;0.024426828;0.026645147;0.015911121;0.034144629;0.027044708;0.029842244;0.016729969;0.037343333;2.38814;2.91901;-5.68595;6.3514
S14;Color right;0.015348379;0.01916313;0.04450009;0.047600916;0.016473748;0.022164878;0.074652613;0.080587636;0.018334388;0.022168457;0.066437296;0.084436409;0.016712142;0.020959029;0.039905776;0.050231106;0.015543743;0.019737601;0.038835263;0.052425636;0.013044344;0.01570503;0.032477933;0.032907434;0.013556247;0.014742978;0.024056922;0.02506565;-5.18158;-6.02894;1.03341;11.1127
S15;Color right;0.053585997;0.025759856;0.026296098;0.01760097;0.05819222;0.027417377;0.029252767;0.019332023;0.059848214;0.028231594;0.029213135;0.020016168;0.05080844;0.024818036;0.026874181;0.018599344;0.045320881;0.023308128;0.029066641;0.01875317;0.038902382;0.020056475;0.027527395;0.014349232;0.034632552;0.019117908;0.026011489;0.014310578;11.7835;-2.6774;-3.49757;-6.36576
S16;Color right;0.039040254;0.03100105;0.014413429;0.025094466;0.044167248;0.035405711;0.015708868;0.030419558;0.042307994;0.032766001;0.017080719;0.045517206;0.042166253;0.033165777;0.015385615;0.029590227;0.040920794;0.033666942;0.017222386;0.052918599;0.033121038;0.025957167;0.013075464;0.021556472;0.031311286;0.025905199;0.013061117;0.021078115;6.84028;2.17695;-6.60533;0.903856
S18;Color right;0.020662729;0.03095949;0.028072681;0.039717944;0.021703825;0.032513547;0.032279157;0.049590085;0.022356776;0.034169403;0.037715008;0.062189453;0.020937777;0.031357421;0.029575683;0.047614352;0.021543422;0.031153213;0.032767226;0.051849582;0.018761863;0.02860669;0.030722198;0.038365938;0.016692901;0.02713535;0.024565706;0.033342679;-2.72098;1.97294;-2.73148;8.14955
S19;Color right;0.025014526;0.036413064;0.035477319;0.025141082;0.026668982;0.03971418;0.038598102;0.026989802;0.027105487;0.040660195;0.038613734;0.029378572;0.024799434;0.03433804;0.035269405;0.023534969;0.025982351;0.038200638;0.045006081;0.026407069;0.022856363;0.040674371;0.042483128;0.02938762;0.020038978;0.028954201;0.033212876;0.020854293;-0.537662;6.16782;-0.868988;-1.88595
S22;Color right;0.041922806;0.036429047;0.01262328;0.033661091;0.040548744;0.035401121;0.012936095;0.03382931;0.040632138;0.035059535;0.012814006;0.035380392;0.038940363;0.034690031;0.012489933;0.033473071;0.037633069;0.033240546;0.012157301;0.033220588;0.034180846;0.031805285;0.012376292;0.032244539;0.033150167;0.030236333;0.012447334;0.032252264;6.41379;4.04134;-7.23447;2.0551
S24;Color right;0.027240957;0.026162972;0.033294128;0.033767331;0.027740326;0.027900304;0.036305562;0.051013036;0.025804867;0.026639751;0.037687383;0.041771311;0.026784406;0.02745107;0.04669468;0.050437325;0.025619283;0.02813257;0.049232556;0.045559939;0.021486158;0.021691097;0.024358779;0.0198235;0.024685784;0.024379676;0.056628712;0.024184777;0.00827182;-1.30466;-0.551929;3.8769
2S1;Resting Open;0.019572718;0.02259626;0.015029844;0.038346311;0.021710677;0.02401542;0.015834651;0.043255094;0.024777;0.022476813;0.015513963;0.047974139;0.019062486;0.01873156;0.014929812;0.041725606;0.020000897;0.016331431;0.015716479;0.052161674;0.028357367;0.032484527;0.018658288;0.051012134;0.027796415;0.029842598;0.019741887;0.054154546;2.78906;1.42673;-6.32212;6.02703
2S2;Resting Open;0.019651014;0.041859721;0.039408156;0.034210142;0.014112183;0.037700109;0.042616974;0.037270617;0.018623891;0.040898527;0.047317375;0.046495985;0.012496424;0.030930854;0.03996728;0.028474793;0.022236679;0.035562269;0.037659276;0.026451621;0.013474724;0.034394761;0.0425418;0.033484949;0.014131346;0.030498944;0.042107051;0.027545866;-1.09713;11.3446;-0.38348;0.0605849
2S3;Resting Open;0.016261565;0.03968091;0.025426589;0.022924665;0.015643973;0.040798405;0.028584242;0.021728668;0.014027833;0.045198106;0.034912186;0.02212278;0.015114246;0.033928588;0.023813663;0.019670804;0.008970794;0.024964876;0.019252819;0.015168513;0.021728453;0.058645386;0.048921461;0.030996405;0.015078254;0.037229167;0.039597608;0.025505959;-1.85388;14.0257;-3.03477;-4.73277
2S4;Resting Open;0.050538148;0.04387738;0.024410873;0.022009018;0.047118123;0.040204132;0.030347824;0.024019146;0.051890985;0.046322493;0.037856357;0.032198815;0.020675912;0.019046332;0.024285282;0.018214695;0.016731099;0.013869637;0.021738268;0.017686692;0.044402373;0.035489013;0.032398449;0.025371613;0.028351405;0.020614388;0.031794378;0.023502174;10.9293;6.65828;-3.48293;-4.548
2S5;Resting Open;0.014422568;0.017188746;0.032576136;0.023591448;0.016359863;0.018792821;0.043997767;0.026000345;0.019390082;0.019931725;0.072438104;0.033732714;0.014800084;0.016776299;0.054319675;0.027404351;0.014551804;0.014682114;0.089808252;0.028752084;0.023576878;0.022598818;0.026884476;0.023924841;0.018617914;0.018065024;0.034948576;0.022117843;-0.638132;-2.87894;1.48913;-3.25419
2S6;Resting Open;0.010218472;0.022478012;0.031296361;0.038283584;0.010508049;0.021569327;0.036703965;0.04027116;0.010884776;0.021205784;0.046491504;0.046600149;0.024276406;0.034979142;0.03802692;0.05922471;0.010653172;0.017708262;0.045925425;0.043052939;0.010780806;0.022538972;0.042314672;0.041596607;0.011178303;0.02188872;0.050765362;0.04208634;-3.11808;1.42709;-0.657575;4.84415
2S7;Resting Open;0.036221442;0.024156171;0.019443639;0.02868943;0.028324914;0.02640778;0.021960513;0.03396341;0.037344951;0.026029481;0.023846608;0.038617271;0.043269814;0.022830999;0.016586124;0.024295382;0.032377138;0.017876597;0.012292658;0.018918265;0.056395677;0.034154551;0.021661352;0.029171954;0.042441477;0.02761276;0.017796177;0.023154547;12.8599;2.85776;-5.65153;-2.29199
2S8;Resting Open;0.015073984;0.029521155;0.033509154;0.033198812;0.017245567;0.030352778;0.036776199;0.036099118;0.017372552;0.030020705;0.037060157;0.037167365;0.012653329;0.026333345;0.029649726;0.031814724;0.011742774;0.024390469;0.02664584;0.033951464;0.021555256;0.039108272;0.04447123;0.036787612;0.017662904;0.038861291;0.033459946;0.031536158;-1.37143;7.48211;-2.08808;0.461259
2S9;Resting Open;0.013544722;0.015839695;0.031215615;0.045268263;0.012397529;0.01608967;0.034236373;0.052248057;0.013030271;0.016826215;0.030783648;0.052728472;0.014215161;0.01735127;0.043415307;0.045093437;0.009193004;0.012204863;0.026097509;0.036628503;0.015334667;0.021992558;0.044128922;0.059397806;0.013749545;0.019094315;0.052544616;0.047873432;-3.11647;-3.82379;-1.42364;7.00611
2S10;Resting Open;0.004764411;0.008070747;0.0819907;0.01000202;0.005161523;0.008369977;0.092145221;0.011625084;0.004991264;0.008595427;0.084510666;0.010780328;0.004701669;0.008452676;0.094577605;0.010836483;0.005021386;0.010213419;0.090092608;0.012456748;0.007360845;0.013675796;0.11108972;0.012820084;0.006390823;0.012896137;0.148895004;0.014632284;-7.75158;-9.34419;12.9165;-9.74986
2S11;Resting Open;0.031037664;0.021963379;0.009985337;0.023493716;0.031825908;0.02380577;0.012101425;0.029384731;0.033163255;0.025564598;0.013265228;0.033605972;0.027544667;0.020538294;0.010103149;0.021357642;0.031079578;0.021285317;0.011834217;0.02924677;0.041211451;0.034153105;0.016482014;0.031631447;0.037339241;0.028687061;0.01569029;0.02913977;9.00529;2.58814;-7.24735;-2.36865
2S12;Resting Open;0.017282018;0.019439632;0.027637907;0.031915685;0.018297573;0.021175424;0.031773328;0.033919017;0.015521301;0.019301599;0.032614075;0.038189267;0.017210684;0.01958111;0.031919775;0.035808093;0.018386154;0.019803075;0.027023308;0.055268959;0.023537212;0.024059487;0.032669902;0.026991843;0.022048538;0.024077945;0.028672697;0.028576887;0.387752;-0.471359;-3.01448;0.763528
2S13;Resting Open;0.028271141;0.026132118;0.028182309;0.031646598;0.032149265;0.030446587;0.036630845;0.040288416;0.032193945;0.032934804;0.034904741;0.040716962;0.024739215;0.023226324;0.028013867;0.033281433;0.02135303;0.020270649;0.040493211;0.046411998;0.033051522;0.030436862;0.03502497;0.037448109;0.02963954;0.025346413;0.029964674;0.032403324;6.2495;3.91563;-2.42549;1.68271
2S1;Resting;0.0095048;0.013388345;0.023730115;0.052762467;0.010618192;0.014375138;0.028734727;0.058661413;0.012375611;0.017174891;0.028170596;0.065208764;0.008709237;0.012615887;0.023903141;0.054926087;0.007770837;0.014546873;0.02646135;0.069053086;0.013880204;0.018647268;0.034106151;0.072577332;0.013125448;0.017654987;0.030958361;0.075909372;-4.55584;-5.05844;-3.69354;13.841
2S2;Resting;0.012160301;0.029193852;0.048515521;0.030950838;0.009121581;0.026012776;0.063955755;0.030446727;0.010438808;0.027801561;0.082782913;0.035560962;0.007890178;0.022869953;0.057525171;0.029453118;0.011567272;0.022517048;0.054968991;0.025311086;0.01076513;0.0235645;0.081346752;0.030187967;0.009292728;0.021581085;0.08093841;0.030393314;-4.89481;2.38656;5.05829;-1.33012
2S3;Resting;0.007764093;0.012516312;0.062456801;0.020256504;0.007107789;0.013438782;0.080843657;0.019115293;0.00682464;0.015206905;0.106298154;0.019475413;0.006194634;0.010245765;0.05496638;0.017310072;0.004973527;0.008263834;0.05034668;0.014521704;0.009329592;0.017740179;0.125151647;0.029049942;0.008055437;0.012714694;0.079635916;0.026803619;-6.72928;-7.32354;7.88236;-5.49842
2S4;Resting;0.023255999;0.020054514;0.045923214;0.015566957;0.025120391;0.021801345;0.060502225;0.019014492;0.029626633;0.027082951;0.104121653;0.027475515;0.010842441;0.013123763;0.051155568;0.012579903;0.012549161;0.011994349;0.06832387;0.013997385;0.022604812;0.01935942;0.09215899;0.022920847;0.015940931;0.014529308;0.077165768;0.01837786;0.776856;-3.17121;5.6692;-6.7213
2S5;Resting;0.005013728;0.00664728;0.065989865;0.015350399;0.006103417;0.007870734;0.102375906;0.016841981;0.005719019;0.010720453;0.165489643;0.020155521;0.00468612;0.006562915;0.079185618;0.017066163;0.004742755;0.006697074;0.108420634;0.018482316;0.006073744;0.008251831;0.099011452;0.017509493;0.004866356;0.006987545;0.071902977;0.016593871;-7.85144;-11.3495;12.2275;-7.28744
2S6;Resting;0.012944417;0.01984613;0.046201583;0.039576833;0.014124228;0.020682863;0.050967252;0.042085986;0.014249894;0.022869862;0.054022794;0.046667217;0.018783859;0.024086616;0.045282893;0.036044647;0.016427789;0.022747217;0.054716137;0.034074148;0.009635624;0.020949481;0.058226511;0.038826302;0.012476471;0.02312151;0.059549143;0.036804315;-2.34017;0.442425;2.01788;2.67683
2S7;Resting;0.010930859;0.018795424;0.037929764;0.047777715;0.015667871;0.018069088;0.03392256;0.05070991;0.018247307;0.021768597;0.032176243;0.054288037;0.012672042;0.019593749;0.06244054;0.06141484;0.040397313;0.018528565;0.030561392;0.026933305;0.018731066;0.022474072;0.032628983;0.040904787;0.018158122;0.020276039;0.043674653;0.033367428;0.598987;-1.44492;-0.676521;5.4114
2S8;Resting;0.007051815;0.016425505;0.066425672;0.018701188;0.007394144;0.015663026;0.072760472;0.019362714;0.007761282;0.017366737;0.100260956;0.021455306;0.006532415;0.017187831;0.072740192;0.018603754;0.007362603;0.018752874;0.077018154;0.018962165;0.008213506;0.021796002;0.089776754;0.019943062;0.008321746;0.027472204;0.091761955;0.018684129;-6.50899;-1.87257;8.51215;-6.34701
2S9;Resting;0.006461121;0.011724852;0.048258114;0.029166849;0.006597269;0.012888837;0.065735391;0.034380716;0.007682958;0.012605553;0.081196416;0.040319368;0.00643827;0.011193178;0.059761397;0.03304979;0.004554157;0.00905398;0.065815081;0.037620951;0.008496225;0.015560234;0.095871588;0.045089729;0.006968211;0.011773341;0.087169588;0.039119907;-6.99579;-7.81206;6.01251;1.5404
2S10;Resting;0.004902422;0.007917356;0.080046051;0.009615468;0.005731072;0.008561305;0.10293231;0.011169336;0.006007837;0.009530227;0.102223751;0.010858974;0.00367738;0.006828847;0.083579386;0.009818523;0.003600011;0.006799002;0.076763783;0.010439514;0.007574516;0.010393977;0.13424268;0.013761574;0.006489689;0.009410123;0.141589089;0.013574915;-7.82545;-10.693;13.2705;-9.98264
2S11;Resting;0.027863328;0.023799624;0.018234168;0.02719102;0.029413424;0.026186167;0.020056509;0.029953058;0.033792586;0.02539606;0.020601857;0.02757741;0.024320271;0.020946629;0.017764449;0.02618924;0.025794634;0.022501235;0.022052779;0.039232193;0.040412907;0.031023166;0.02878211;0.032054064;0.033382612;0.02799204;0.027171958;0.042559657;7.3397;2.86036;-5.11277;-0.627002
2S12;Resting;0.004418553;0.014872831;0.06030568;0.007368621;0.004786827;0.015904645;0.081373179;0.00758108;0.006187199;0.018393406;0.090401207;0.007539211;0.004052579;0.016685088;0.0702938;0.00729415;0.005307016;0.01944685;0.087790311;0.006115684;0.006530442;0.02560065;0.139697875;0.009771178;0.00632842;0.029932366;0.12357158;0.010059807;-7.83332;-1.20713;10.5981;-11.4883
2S13;Resting;0.005427338;0.017296859;0.071034367;0.015301688;0.006431154;0.01855525;0.096549833;0.017792074;0.005530665;0.014935766;0.07456258;0.015090474;0.006264123;0.018720381;0.085203576;0.018073917;0.007668744;0.019049455;0.147403277;0.025937317;0.006436579;0.017616479;0.087391227;0.017272536;0.006753651;0.018708606;0.100162077;0.020138436;-7.17864;-2.92089;11.6366;-6.83321
2S1;Color right;0.020531936;0.020323685;0.013323999;0.039225807;0.023399215;0.022826059;0.015906345;0.047240381;0.024908956;0.022035015;0.015066243;0.046349731;0.019447691;0.018276303;0.014408231;0.04824242;0.018136466;0.017905092;0.01411323;0.054110577;0.030732054;0.02669681;0.01679945;0.04629095;0.025952501;0.023521769;0.015693599;0.048953803;2.9153;-0.175642;-6.63786;6.10658
2S2;Color right;0.019517943;0.029453835;0.022596809;0.050098036;0.01729197;0.027729245;0.022849856;0.050060968;0.016319597;0.029271407;0.02582824;0.056467465;0.014722399;0.02465385;0.024061849;0.072842662;0.01558075;0.021305522;0.024848348;0.073890116;0.018927442;0.027049951;0.020993548;0.045981654;0.016893053;0.022572142;0.020120321;0.052525017;-0.73851;3.28255;-4.69563;10.4729
2S3;Color right;0.022393508;0.027093748;0.018037024;0.045250787;0.024261624;0.027543016;0.019691842;0.051985887;0.023861009;0.025886416;0.02003194;0.050823705;0.02105958;0.023110943;0.014462561;0.037916072;0.013936872;0.018494466;0.01216986;0.036212809;0.040600739;0.035541025;0.027332285;0.051072162;0.03113135;0.028019669;0.019399065;0.039857942;4.05894;3.59663;-5.81091;5.32294
2S4;Color right;0.038561478;0.037672027;0.021531081;0.028407174;0.056652026;0.043335476;0.023307343;0.02976862;0.060081564;0.049786902;0.027425789;0.035773722;0.031133885;0.030362345;0.018719902;0.028316809;0.019833818;0.01778738;0.015531629;0.024608955;0.046217372;0.036329947;0.020459499;0.025061794;0.029551691;0.025553482;0.018144924;0.02128794;12.8589;9.40855;-5.24233;-2.63422
2S5;Color right;0.018503452;0.018442868;0.021453587;0.03210283;0.020354375;0.019420339;0.026646098;0.033654447;0.019961212;0.018846132;0.037721156;0.038676001;0.016156436;0.017092917;0.030321079;0.033335888;0.01524136;0.015128663;0.046889318;0.04017871;0.022783911;0.020819591;0.02607454;0.03368923;0.020620692;0.018737204;0.024667373;0.030977389;0.433207;-2.77009;-3.15336;0.458781
2S6;Color right;0.011681472;0.015261197;0.025302088;0.057537871;0.011979788;0.016009769;0.028043749;0.062236325;0.011794012;0.015101198;0.032027402;0.070663372;0.012266735;0.016488856;0.024937705;0.056052743;0.011734505;0.016460811;0.027683985;0.058068018;0.013388098;0.017100882;0.028451306;0.062361022;0.01335571;0.017379083;0.027725084;0.058757227;-3.57228;-4.27729;-3.69127;12.4169
2S7;Color right;0.015881995;0.017507569;0.018842029;0.035574785;0.016946705;0.018983907;0.021198826;0.046154875;0.017428048;0.020314784;0.025419529;0.056373658;0.013520831;0.014217072;0.022605124;0.05115539;0.012597345;0.013537425;0.01827156;0.058081941;0.020850159;0.019795473;0.020174184;0.037550963;0.02143202;0.018836069;0.016463895;0.027979687;-0.871655;-3.47548;-5.3213;4.68363
2S8;Color right;0.016646267;0.024606542;0.03073193;0.041015421;0.018400122;0.026539996;0.034683989;0.053954495;0.019274229;0.027812445;0.041991076;0.079897993;0.013744724;0.021105189;0.03048303;0.038445288;0.012558956;0.018900242;0.029052588;0.039048729;0.020401501;0.02884781;0.029814231;0.041043602;0.018639385;0.02475852;0.026012542;0.031807072;-0.798394;2.12677;-2.64549;5.72058
2S9;Color right;0.025755676;0.019540483;0.016048119;0.03837098;0.026341516;0.020405239;0.018171167;0.045618676;0.02737651;0.021292479;0.01855299;0.049664553;0.027539365;0.020198902;0.01748566;0.03712529;0.022420342;0.016709964;0.014440842;0.034617053;0.032425814;0.024906882;0.021557248;0.049833717;0.031615282;0.024025099;0.020109473;0.038085483;5.68701;-0.62696;-5.94838;3.92744
2S10;Color right;0.010601696;0.013591877;0.051424519;0.01877515;0.011802044;0.01501178;0.064053243;0.022199151;0.01231828;0.015957751;0.066428035;0.022912141;0.0108511;0.012994411;0.056887057;0.017798823;0.011781389;0.013534693;0.059921906;0.017122592;0.018306512;0.019943815;0.086278546;0.022365916;0.020065715;0.019119188;0.093971276;0.019770134;-2.8366;-4.86553;5.35431;-5.9668
2S11;Color right;0.025442292;0.022073529;0.01069576;0.01962406;0.026534997;0.022976716;0.011932117;0.02349661;0.026379807;0.024083659;0.012045929;0.024810572;0.025244241;0.020632506;0.010448129;0.019581311;0.030130243;0.025890582;0.013360189;0.031867013;0.039235548;0.031012922;0.014640399;0.025992953;0.045979172;0.030147463;0.013654795;0.027199505;7.81772;2.88415;-7.29349;-4.0681
2S12;Color right;0.019299294;0.020959393;0.028047739;0.0362584;0.017861601;0.022005532;0.030755992;0.037488485;0.017623132;0.022333283;0.02885844;0.035554417;0.017153568;0.020378402;0.028589289;0.037748961;0.014042704;0.017227699;0.020416995;0.027342723;0.025586712;0.028758647;0.038436281;0.033304849;0.026759786;0.026783966;0.033296594;0.030550189;0.865715;0.616797;-3.18894;0.412251
2S13;Color right;0.026000765;0.028562152;0.021107154;0.032725915;0.028255744;0.03199915;0.029711934;0.038551718;0.028767416;0.032404751;0.034851402;0.042583953;0.022926908;0.02741153;0.023009627;0.034962906;0.023675618;0.027515319;0.037034297;0.047292626;0.029636468;0.031767271;0.025468893;0.03552223;0.02602815;0.027261751;0.022017368;0.034274235;4.90473;6.23161;-3.80168;1.89305
